[
  {
    "id": "2ba904e5-08cc-4cce-9c67-225acc376a44",
    "data": [
      {
        "text": "I want to apply",
        "userDefined": false
      }
    ],
    "isTemplate": false,
    "count": 0,
    "lang": "en",
    "updated": 0
  },
  {
    "id": "a6697f23-0f45-4ce2-a57a-359f669617cd",
    "data": [
      {
        "text": "How can I apply?",
        "userDefined": false
      }
    ],
    "isTemplate": false,
    "count": 0,
    "lang": "en",
    "updated": 0
  },
  {
    "id": "90cc2de6-dca9-4bb3-af8c-bcf4586cbc18",
    "data": [
      {
        "text": "I am interested",
        "userDefined": false
      }
    ],
    "isTemplate": false,
    "count": 0,
    "lang": "en",
    "updated": 0
  },
  {
    "id": "5d4f1771-f54c-46e6-a7bf-ed1d27ddc52d",
    "data": [
      {
        "text": "Tell me",
        "userDefined": false
      }
    ],
    "isTemplate": false,
    "count": 0,
    "lang": "en",
    "updated": 0
  }
]